tier,summonerId,summonerName,leaguePoints,wins,losses,veteran,inactive,freshBlood,hotStreak
CHALLENGER,jCRlIcGLjhK_71Z1f2cQFgL3KneKFrvGcsULliGvkgnqvck,whisper snow,1002,1000,943,True,False,False,False
CHALLENGER,AXvo14reysLtM_cWW-yUAbZkMh8wu7ZJ_rf9xyWJMn5vqLk,Liiv Croco,1401,551,468,True,False,False,True
CHALLENGER,rRF8COLtqh1MSbGVfYVqi454DSWxEXLJN7IH_x4-LwpI_eiP,KT Bonnie,1037,379,269,True,False,False,False
CHALLENGER,sGAR7JuUz1fsL3kWN2tFe6x3xl76m_vOHxBkDV7Qs0HvJwZ5,sukuna,875,330,270,False,False,False,True
CHALLENGER,yG_u05fCQfX6iOiatqVOwMMjqkGZJbytLF821bgmjA3RF0gT,YoneKing,915,324,213,False,False,False,True
CHALLENGER,7lGBF9oskmz3-8its2fNEaWqp6b9r-I97tA9vzk_Te7Tu2bn,힘내다잘될거야,866,173,51,False,False,False,True
CHALLENGER,B8yS9aYmKZyqwypsrOwfM0gBbZjRo9yGdGKgNDFad_1Y0z4,고파 우 개미,949,490,419,False,False,False,False
CHALLENGER,hq-kOUi_hn5zVybiQ_8j8QI6Vs_bGU6egePFMOVeNd9ULtQ,버 돌,1278,354,312,True,False,False,False
CHALLENGER,ysRGdkT6RwlI0dktEWdHADuTxdQ0oijaxsD--DWLz2ZKds4,7777케이,871,867,806,True,False,False,False
CHALLENGER,m8peAJhu0aln9CkaAhQuWp3Xz98xyTk3NJ1su21PRc4-dEc,weibiusamD,951,643,586,False,False,False,False
CHALLENGER,OFgqk9nWXj8nC6m0pPm2rAjUn3q38tHTUpINQM3pSmxN8oU,DWG Canyon,1460,566,452,False,False,False,True
CHALLENGER,ZpnITyxkM5NLLMTGd2XEErZ-hI6yDXqgFD0vsUJNY9C4GjY,3Death is sry,973,1011,946,False,False,True,False
CHALLENGER,4MZouRndMJfuLIfKzRPtE3QLVkdFLBH_H5rX-wRYi-KWRg,DRX 게르세르끼,948,300,228,False,False,False,False
CHALLENGER,jp--F6VUd4_z4RPaRyWRTICQSrXsrMg29xri3QcRpqe8YA,동해운수,1095,469,409,True,False,False,False
CHALLENGER,BxLRtx9rGziLS8PPKChXVOdkTWCst6I-s6mfGjut9E00FhI,zyb,1040,529,424,True,False,False,False
CHALLENGER,4sRF4PRsBihKddCZQJ7WlqaaCJadkzXXYqWRo2iaW_36JGs,bro game,929,681,622,False,False,False,False
CHALLENGER,Rp3Cdfo6o4I2csV0Dl5OclzI3k32_sJlWP0HSbkQPwZMQg,JustLikeThatKR,870,531,519,False,False,False,False
CHALLENGER,ZYu0rmsgvRSSorkoZt4BFEiAdoyp_kWrkoNYznsFdmeP7Y4,shui di si chuan,1078,547,473,True,False,False,True
CHALLENGER,s9-1m7QNPw9QvHLPG3lwpLOwiDu64bcfebsPztl1oSLyrQ,메가 우기,888,345,298,True,False,False,False
CHALLENGER,-tCaQfksGfzXDS8IsvqFZNpXzare4ZUkSfcgPMHcrvx-2Vc,KT VicLa,1070,777,628,True,False,False,False
CHALLENGER,DroBKfYYWUA5TFCs-K0IWMkCu9KwK9VWwrLTrMmgMB7tkFg,쭌 베,958,404,342,True,False,False,True
CHALLENGER,4orpcuZZHiCQPESqcUJbCg6l0ybRCC0dyRCCLDfFQMbuZc0,ZED99,1040,533,407,True,False,False,False
CHALLENGER,aKun0jcMXiQmydUFX10If3MMeuavlJnHedBoLyRRw5GPiydo,ehfdkdhsakql,871,341,229,True,False,False,False
CHALLENGER,tge32nWv7MjoVNRE4TXtEGrW3PrveOREjakx_Nijv5ukg1I,T1 제우스,1442,856,786,True,False,False,False
CHALLENGER,_fQlX-x_nlj74a4i7cZN-ql6olz_BjOMxwsdxVM8axXpZno,MIDKlNG,926,196,127,False,False,True,True
CHALLENGER,qzmGaaUxrbI6Lfn4Pupg0s0x0VqEuZSyqTt__105-VfOowU,FFlare,862,606,554,False,False,False,True
CHALLENGER,jVK__FRpCrg9Y84wX4UQxCWEnjr3AbkWvzLH62HJP0-hFRU,HUYATV Cid,884,1260,1116,False,False,True,False
CHALLENGER,5lXAGt4gAOVHAyKqWQy0NLUPd1J1dTdDz6TPsUTomqlvz28,qwer112233,937,662,594,True,False,False,False
CHALLENGER,ua01-RsT-Qr3xVytMSUX13LSSQr03CD5f4FBUl171J8Dje8,Annie Leonhar,952,369,300,False,False,False,False
CHALLENGER,qSEkS54E0JifjdTwno25UyMexsKqE1Q5UBB11a8RhjTkUq0c,clrflnblack,966,205,158,False,False,False,False
CHALLENGER,V4-7fkhj-Dk8ufZhcG3TJjnJWODaI60sx1UuYVrk9b22qJo,Iava,895,161,82,False,False,False,True
CHALLENGER,jJaWi1saon7I76NiKk0suWQ3yhdGZRIz5j6186_p306eu38,TTzhao1952222922,999,401,252,True,False,False,False
CHALLENGER,8okiZjGvViCNAevVzmGZBfP9GAVnZzMVPrn7N5RtKMOCyno,농심 리치,1352,593,510,True,False,False,False
CHALLENGER,4dngF98mI1AWCU_2DhOxakVKv_DSCqJ_qs9jiSM8whOOWOo,Chieftain00,1338,319,237,True,False,False,False
CHALLENGER,wc5UPnju0hEK61fRUWfYm5TWHnDoYBjCRHtDuOeDfgT4l8o,HUYATV UMC,875,1070,1005,False,False,False,True
CHALLENGER,p0DU3s2mlA-5TBstZfhde06_Fn9-vcS7tRBR8VYrI7APG7k,fat sheep,1127,1243,1074,True,False,False,False
CHALLENGER,4l7iL7K-feHxm_2_9U3bIxe_eOnyCKU-7zfEDLUIBmrcJ_8,Uneasy11,887,1066,989,True,False,False,False
CHALLENGER,u8vJZyP1vxgInfPf9OCH_NtLIVncAeDyzl79YnpkG-MDxSA,lineup30min,1023,381,305,False,False,True,False
CHALLENGER,Wd02iXyzMAa1KxfI9AoKOIFy2QlOSk0CftFAyOrXylk0uh8,Lpc1,922,378,306,False,False,False,False
CHALLENGER,g8iS_BKBIIrKd9xUQC_RPOJ7p6OricdfpKK9wwJh5Ih7JUw,Ye Zhuo Yue,908,998,939,True,False,False,False
CHALLENGER,YBq1ExLZMSAuyftqwiKWOkk287C3LtYBzuQnjAVw7veotg,HuyaTvJincanyi,1150,493,377,True,False,False,False
CHALLENGER,a8gdN2XKF9pWXGwUpUuhDLqRVLsHx9qrbMS2EpUwVMVT9n_T,소년가장 원딜,864,237,135,False,False,False,False
CHALLENGER,FcieyqhDkZncKrQs1pyrUu0-uqHqHAH3HR2NXyqg8xSIJU4,viper3,1546,523,422,True,False,False,False
CHALLENGER,dlJBWH6pcX68UUUMB39fUgNZ9w1n8yfLIKVjP2-FJDqh0xg,BRO Hena,1186,1646,1572,True,False,False,False
CHALLENGER,zQ0Y_GFo4jkSmhkroDNiXepUYL6B2VfTLrseGnHxlB5AFUk,와드박고갱당하기,935,1443,1312,False,False,True,False
CHALLENGER,wcxFAwLeE3plt_ZNRt5EeO8lGow-yRLlpa101plSTKR7nr8,BRO Lava ,1144,748,675,True,False,False,False
CHALLENGER,Yv6hJXJOqmMz2aBkMSK4n_eCfxg3JaWjtZGEjNRGW645VkU,Liiv KABBIE,994,540,483,True,False,False,False
CHALLENGER,wRiDUn_W8USdrlVUfRr5YVRz3rB5IbViYmEmRMbO-3nQvlU,이도류,979,857,797,True,False,False,False
CHALLENGER,frZHTQhfqVcMXd_fYzs0_Ndu1Jq8ypq6Nag1hxkysQPn0XQ,AF Minit,1348,561,472,True,False,False,False
CHALLENGER,6MMfK-O84fZg4HMch9XWXCE4Ta8z_YWzkv_2YC2VIZEps00,경주마최우제,985,475,403,True,False,False,False
CHALLENGER,Qm1N3ht3FzUherXyxF4H2m2ja1A3a3jE0F4R1UQEGZAstk0,Gen G Karis,1018,736,706,True,False,False,True
CHALLENGER,n4S8lH08bNAVyR9rFhcJ5NLHUiYf7VZvGI2Zz_da01bGO-c,Liiv FATE,1100,497,421,True,False,False,False
CHALLENGER,z7tWxRQMBAJ1R1_Ss50M3waY1QP-Zedc_MrsEyj0e7L1-2k,EDGZhaoQQ888765,1321,1757,1551,True,False,False,False
CHALLENGER,mV7y9A_kCd8S3s2KfUDaR1u6utyOTdhcILnVybaJYLJV6Rw,Gen G Peyz,862,997,922,False,False,True,False
CHALLENGER,iVRwHyQ_ppfjvPZr5hpTp-i4iPqLo_g4PfON21_b64Vf3NY,따봉 람머스,894,1107,1036,False,False,True,False
CHALLENGER,PKDYXU9ZDFAdQlHAAKsSQT3vGLeHRgEl9TRNPYLL3rA5MGNy,불면증환자임,961,344,223,False,False,False,False
CHALLENGER,t9btwxKmtYta3l3KSd-ogKIOFY4OCGssUSmxfosgFxEV5FQ,파이팅 인생,1119,740,683,True,False,False,False
CHALLENGER,_hu9CQv4HHaUgx0nWVuJYeltBIX0TlllqFIZPKnBfzVtank,FA ian,1007,497,419,True,False,False,False
CHALLENGER,nO98JqHPlebVrzFkMjO42K0KT3YZ_WMsUrDfG7O8Hjj1nHI,hao yun bao bei,1003,657,595,False,False,False,False
CHALLENGER,3dcD88VDqUZC8lLrJQony-Nj18zq-TPv_IphqoA3VGwCkEE,40900202,1147,1137,1023,True,False,False,True
CHALLENGER,0kM5WOvyiT7fJv0A3zfMWmKDcdRhBZdP0IQXvsEBd3dWBE0,난 모르겟다,867,367,310,False,False,False,True
CHALLENGER,RJZXK6i6Xe95CoBlGcsevTmP6YLIZkGqPZIuPb3fgDmmi1A,야 핑 좀 꺼줄래,898,429,372,False,False,False,False
CHALLENGER,QCJSZdOmjqpxAX3NAO2vXeOB7T6rLIDhxThIIM8MuOnYK7E, 다드몬아이다,971,418,300,True,False,False,False
CHALLENGER,L_nezdBt7Omq_VBa-76fNL15_tRy5MZw7j1AgCZEHNNalYg,srysmallChicken,1202,485,404,False,False,False,False
CHALLENGER,vI0KNV_-0pWhcYlyAHLJIgXkwfFTNNHfxr8nSlnTkoRx7xQ,Liiv KingKong,951,728,661,False,False,False,False
CHALLENGER,5VfE8FONpfGh0dAbsyl96GEcDBheUpxE4Fsx6NAj0pGIVjI,Corporals Dog,846,878,829,False,False,True,False
CHALLENGER,GhDF4b_LcCiL8R5yheYFp_fxIrYG6SXLlco8TVJHyC5KynM,Vital1,874,154,75,False,False,False,False
CHALLENGER,J63l8cnQ0xySUWCYUUNn3Z2-2cIdWHpr98qDYirJyba4UQ,Iove galio,923,476,392,True,False,False,False
CHALLENGER,MausxzFgsH9V4ckJ5q6iEoj_XpODPMprJtlMkJCi5ybNsg,Swordart777,860,632,545,False,False,True,False
CHALLENGER,vsPwymtDwIM-jCm2lUTPcCAnRNWsYdgcJ_D9HPx1oWtO1L4,KZ Quad,1022,365,234,False,False,False,True
CHALLENGER,PYQIT6bvczb8u38W7_LpIpNmVg8YiuLUE4D2d7zaQtEh-A,군밤갓,866,289,240,False,False,False,True
CHALLENGER,xs6j-GqpmnY-ehAAXXxz9QC34wbjNqdXhgtx9AAwhfIlHoE,튀자튀자아,881,580,536,False,False,False,True
CHALLENGER,VKQjVl6X6-AslBfhOTeWUoZ1luYPV6vnEmOpmZqoNyPkKkI,2021 Cha1lengeR,1049,894,800,False,False,False,False
CHALLENGER,xMaLyV1hEYsnzTo-hLIpVovjODsZeb27Lx2N_Qu-EIBdh2I,오뚜기3분미트볼,1182,278,208,False,False,False,False
CHALLENGER,m2D_5UMi0RDCxfutCHeFVkhAfRn6FfjESvIyCFILsVT1ty4,쇼메쇼메,1001,381,296,False,False,False,False
CHALLENGER,udFEDgm4vTLLOVQ9RmgFELcmLiNRgvCI3PO24XQ00pp_R2c,EDGzhaoQX888765,1247,1311,1183,True,False,False,True
CHALLENGER,AD5BycCsl_8A82ZTJNRO2arNB0uCaEt03h4KXhAcq_1t-Io,Liiv Effort,1060,364,299,True,False,False,False
CHALLENGER,S0K7f37b5ZpVw2Smx3uWfsnw3ZG2mzGqY2HXyikW0SCpRp3k,두꺼비압수,872,379,270,False,False,False,False
CHALLENGER,8e1QmY6jRL-C9GDHTT2KoPQcLSo5pClAodofdIcAOfuWbNc,FA Wizer,938,453,402,False,False,False,True
CHALLENGER,OhD5-Ppm7f_fO3R2ueXERcWCUsjHMVmAdX-OgvcgBMDhhE4,OMGqx1328035572,919,785,694,False,False,False,False
CHALLENGER,HO0sLXnMf-fgOlNQe0GdChp68Olx4JjjJUqr2LWSqQ906IU,홍콩반점 매니아,862,251,186,False,False,False,False
CHALLENGER,qqtaOlAF4I0Rb4DJ6I52atW7VeSLxrWUlSH0n9_ASIFdvH1rpByfLviaaQ,TL T4CTICAL,975,130,74,False,False,False,False
CHALLENGER,zqtgDjY-UZTIdLjt9d-i5xwIfoTnLT0VeULaxpK1Hra4A2s,미친듯이 파이팅,1334,299,190,True,False,False,False
CHALLENGER,5wJAzEv4J0UOmFuESTTKUDFWCCR18EqNagBdWzVZH9x3Xg,단군의청춘부재,1123,608,569,True,False,False,True
CHALLENGER,OvlSTwAslrLeX_DNema0bnVFWF3nfUoeULMcrLM0GgH62zQ,직스 좀 믿어줘,907,288,215,True,False,False,False
CHALLENGER,l-GIs7eW4iQs3lcruAZXRydYb_6o2cbir_8KkvThRF0CEw,미쳐놈,935,1089,1008,True,False,False,False
CHALLENGER,Z731SZYX2hn-4X8heQoi_t9yfa1UoU_Kfbiynqy4XFEkiCY,FA Ruby,993,683,626,True,False,False,False
CHALLENGER,7WRtXEF6AuPDkaZSl0xgrXWVKSrdcCDiSyMRSVMrgYndcXM,xunxunxuno,1590,666,500,True,False,False,False
CHALLENGER,ah1REd1F9VFc60sqhS_TZ8Wp_Nf0KL6VBwgmdRqxfceHa-0,닥터스트레인지,909,184,52,False,False,False,False
CHALLENGER,OkFM-VaOE4C5faFQKAwm1mmGueaGl9QkP6hroLZPVUsscAlI,fA 죽어도 솔랭,886,364,256,False,False,False,False
CHALLENGER,qSOY68X33cKF6zAp9QyJ-1OFRunvSiLESnj6cJHVuClpfw,훙쌍리,889,434,350,False,False,True,True
CHALLENGER,h6k4S0_F9sjIHNLZrEQ3WWeChtCP0Yw03DdJFzilOUnoXWA,zywbzdcs,1012,850,802,False,False,False,False
CHALLENGER,7Vc20LAwnjRImwmqtoRGj6yaFklnsFi4l6va-Q1NX7W4E9U,KronGG,898,756,694,True,False,False,True
CHALLENGER,wTGvKxEH2rIF0z2OWk3-eaYRfhbTHeSMoZgldni-t9Ge5Vw,Awe Dive,880,717,665,False,False,False,False
CHALLENGER,uth_O_5-MXhwMlmGWF_gQh5JhQ12H1s3R-_zmdWaI9p80D0,T1 Keria,895,801,748,True,False,False,False
CHALLENGER,yqJ24vdhRreh5Xtpz9NYYIGlYdoOotfxOao1zYRyQBjSSUY,루시안조이밴탈론,868,550,492,False,False,False,False
CHALLENGER,HVCCnWXN_XeUYi9fEYH03n6EugKoFtIqQlibGM2sYDg3_1U,군빵맨,852,830,778,False,False,False,False
CHALLENGER,LzjJkjm7e5jN79MVp3myUVqWa_dwGOPCAquEbFe8uS_HiN0,Oct0ber,888,460,423,False,False,False,False
CHALLENGER,xQfw98lOiR2Jz9EECD2IeZs_0F1dqK09cdwAIoooe8PUdOo,교육잘받은도구,870,425,367,False,False,False,True
CHALLENGER,sQNcOBs4jpTJ9ozhsVdt1W_8-nXGUD7UlBUgkLJxZLg0UuE,스컬지,1583,762,652,True,False,False,False
CHALLENGER,pwdH_6svTOz4A2R9clVe5nHgLEZjXRIcNLrcL4o9auNlcvg,Shadow Supreme,871,393,371,False,False,False,True
CHALLENGER,KBWUYUJbQljzbsbMOVcRDDJc01KcnQRJyyspJRlB0XsmpNs,밧형욱,863,406,350,False,False,False,True
CHALLENGER,noY_qNo1a0lL4kdOt26n0y4NFOY2ahQNWvTYsLpT7MvF6e8,Big buttocks,872,248,176,False,False,False,True
CHALLENGER,Hy0PZiKavnxWEMWLReJ35_4vBsp5p-F1uRLeYiQQiUZA5YLx,스카이시현,1008,223,120,False,False,False,False
CHALLENGER,JUiHs1_n09jdONrjA4BaNrVLW-5QcxaN8sm6CL_EDk25jqc,챌린저땅우양,879,486,431,False,False,False,False
CHALLENGER,afa09u600qPengkHN59XqQlMG2SH9sqqAvJT0U4_-pLdZ5U,nine3,885,339,257,False,False,False,False
CHALLENGER,6nPgRLhONZHdD8XaBKidgBvwtKjA0dTIVsQVEmddTy_WqxA,쿠자니,865,521,476,True,False,False,False
CHALLENGER,_enDJhfRgujjyxvfkH3U92rVUUgRqrNd55y71AWHTh-86Gs,바쿠야,872,356,238,False,False,False,False
CHALLENGER,Xf7TFd-6iXKD-eznNodM8UHFR6yjAETlpY0qpkFdgvMeQQA,Shadow Patch,1114,743,614,True,False,False,True
CHALLENGER,9jKMGvs1ayZE74D_HEmLLNXBPHaAfxtHPnS449_PXbxt4Yo,GGirit,879,587,518,False,False,True,False
CHALLENGER,c0wvMYxj6HinON_fqrH-Ml1CFcBysV0yMn9SKG5G9kxXQ4I,Zaovvunongren,909,689,614,False,False,False,False
CHALLENGER,gOsXacHuCLu8FU9eILCtM7JV_RiXRE9-zkNDQLAWs8AZciQ,Sweety Pretty,937,363,305,False,False,False,False
CHALLENGER,mbXaB-9nRe3ymi0H3713oYgctafdpTzqVXz3h-Z1FhMpRHE,Let me sup,871,337,258,False,False,True,True
CHALLENGER,0Q9taec1EeQeES2bSpwZNf12eNJGya7UfIsSxM_4aS4Y6w,White Canvas,905,652,599,False,False,False,False
CHALLENGER,F7ywH5S66uV-gh9oQJtSRcMQEQpXBFhB7zMpjP9DDDsnpw,MAI WAY,862,252,201,False,False,False,False
CHALLENGER,8kdGXYcMVW_-MNnzKTynDkxUipHVwCCVwKcYdQTgybvJckc,Gen G Clid,884,890,809,False,False,True,False
CHALLENGER,UhB0nx2_qHK8SGXUq-T7MIxJacN-5DkC-XKfF-BNBq87cLU,T1 Ellim,1109,316,251,True,False,False,False
CHALLENGER,h1KbxOK52GshUe3XAeeRXpbkIsoXq4yS2CwNy3d-ac24ww,강꼬릴,934,582,535,False,False,False,False
CHALLENGER,Gfo2fzJlxTYUm_ucsAIHOe_bb-8X3AZcgEwI3h_c5sm_MAU,Z0Z1,953,586,469,False,False,False,False
CHALLENGER,qccNuMkavg5xTx_b8oUMa56d0MGKEYZFekxHybN4gIen4po,T1 Closer,937,779,722,True,False,False,False
CHALLENGER,ijeEwEgq_UscYmDn8GAZGBhMcZDgWsqCOawZheyimWu-orE,미북이,968,856,795,False,False,False,False
CHALLENGER,Rt8xGmV1Y8TZag3__UxxAwNon_KSfbNM6v7bKfb81HiXsZ4,노량 엄순신,925,431,362,False,False,True,False
CHALLENGER,638ML9GPJi3PJKbaK_c83O2GD8Hw5Wx7bKHcWz_KjuORsIg,타 잔,1011,671,583,False,False,False,False
CHALLENGER,hVoD0FBtwn9B6d3WRSQU2hGR9Zv29Xs8hEZWMPDOGaeSQ6g,ADD on win,1366,260,184,False,False,False,True
CHALLENGER,tONGkRuBdc-VJp2n3U9pbkJUb0mPpHcUYetdHf64Nl7UXwY,모찌피치모찌피치,1145,1076,1009,True,False,False,True
CHALLENGER,v0X9q7diBHWkRa6UKLr4EFkSKmJocP2M7nB1My5q9FnVX4A,OMGBoring,915,615,548,False,False,False,False
CHALLENGER,7nIg_9pFP87OpERLnOkdNohCPxg5hag_05Qq7CLdV2ncFGE,kelinn,1097,807,749,True,False,False,False
CHALLENGER,O38wU-uU8LK1bYVqVJ3AhZqRLIpjmNh5Efap-mgrmkJpng,하이드,876,440,389,False,False,False,True
CHALLENGER,ckvg-0-DYM2i9MLqw8NNsOcS5-tbDBM1v4hDtW3z7HXNK5k,W1zer,884,474,419,False,False,False,False
CHALLENGER,dAxPI326j9ADZNWLAwqlwSvMXmQg40xYn7wrPG-kwEWMnKm8,jiaoliu bingqing,865,355,228,False,False,False,False
CHALLENGER,I-Qqz35GnMjp0JS-XJcs8QBIJMEfIIgSddXSRD7X9KWH2yw,양대인의 발가락,859,846,790,False,False,True,False
CHALLENGER,XSQT656N2mU9h-yIK0t4VtSjGWVFLgVI9TmC69YwtG9Ri8I,나스물이민형,981,518,438,False,False,False,False
CHALLENGER,G8bzmPWR9UKOzjU7zYtita2PBkQ8R2G-yEJYMPZIcF6OXHk,팀개못하면누누함,1071,458,365,True,False,False,False
CHALLENGER,0oE-i13z5LPhZUzXZ3E53y7i9_T3yR2cFm9CbKoW9otb_QQ,T1 Gumayusi,1459,1033,926,True,False,False,False
CHALLENGER,tcwXGkU48nROkNMbEvTZZmVtQC2LHTJmlYMfneeaa_9EA9E,GLZassassin,1017,930,850,False,False,False,False
CHALLENGER,VmXmJAccy_6M5ZjIJeghEJauXXn8BwNPVPieHpUeaQbF4Gti,Shining fans,1076,414,355,True,False,False,False
CHALLENGER,LLwlKAUNrHP0W2wabtMLcRMsuzS5A3FzvXU_pzIro_kpCA,AF LaCo,877,717,684,False,False,False,True
CHALLENGER,kpmBr7wrbMeJawF4_fY2aqAvei8qrDosonER4dBosHI8_vs,xxxxxxx1,1064,867,772,False,False,False,False
CHALLENGER,POlsIHL7xgP96QE3vWpo8SAGUr1ADi6-oUV7RTpk29Am96g,GGGori,895,609,542,False,False,True,False
CHALLENGER,npHBOZKf8Y8OuU_u0oIsOCXWySS2woXzUmqZo8bFZ1GIekw,칼과 창 방패,876,359,326,False,False,False,False
CHALLENGER,3H4QhiA55L0xYmLHsTkmii3XH5S7K0O-HADThO7k-jqN8mQ,boom1boom,1029,309,223,False,False,False,False
CHALLENGER,jRHqV8gQwSth8wuHpDSidSU0zeJx2wX6vPCZmZmR76S8vq8,DRX Destr0y,904,573,524,False,False,False,False
CHALLENGER,IEruuk2i5ZnyFSqrF8hJjBXw_nedgXD9Mbj6jihycWLAR7Y,학이농장,868,291,161,False,False,False,True
CHALLENGER,qJJBGZFnEct5n7yozOtJVggm9e7VE6noynT_DNP5Oas4TpE,뷔이스타,1051,414,357,True,False,False,False
CHALLENGER,QYOD5F3ljoYfolTxyFBePm8DJPykjxS5vVtQdoWC21jFdZ4,용호야,1515,410,267,False,False,False,True
CHALLENGER,gIpwPTRRw35esaADfRWPDCO5Ar5XLErITYe5WkW9IJi4vQ,쪼렙이다말로하자,1185,1034,951,True,False,False,False
CHALLENGER,2qp0Yp43OByRfdc82-kSVxvXBh50eludvPlTzswILJ8U8uA,da gong ren1,951,321,263,False,False,False,False
CHALLENGER,UW3zzfcKVk_DTV32jpAMykaHTVUKGXl_nvB8SDVqX4x3UfE,순진무구 하 다,940,840,791,False,False,False,False
CHALLENGER,_mX0uym-0X7ESQI-1-boZM2XzO_OSFTtWnQBTmx7PFGDEbU,Hegzzz,917,1212,1111,True,False,False,False
CHALLENGER,Nl2doKYvyZ3V1ucvzAfkAMrSQrlIiV6CmtH0SawE45sKovw,concesslon,1016,533,474,False,False,False,True
CHALLENGER,5AcrS2Xh7c8YDE8u3N2Y4-yIcyJU1S6F6uwCgwTR_77ro7M,down sleep,870,335,276,False,False,False,False
CHALLENGER,fiM9O4F2zoEMgtzaryFIGYQsFVLG03ZzGPT3EkWdrh6kl0k,Bbvoy,1034,536,465,True,False,False,False
CHALLENGER,g8ALt6nArSaxrdQf1kcxMyIxdCve684V26IaCHpm3ywh5mfl,KiZiED,891,493,440,False,False,False,True
CHALLENGER,QMroFnpcssVgDdE5i589MoTwVNKAn9Thu4fdLq-C1qAxhF0,윤용호,1097,458,379,True,False,False,False
CHALLENGER,-luvoei8cTnMKOd6ZpQ0miQjqSk-5unIBUy6XO7fUhSBa6s,시간빠르다앙,1600,497,404,True,False,False,True
CHALLENGER,-KfLFew2MDnGq6VHRNsowSldcmzqfKLXwaQNnNi238rjHZ0,River9,1165,704,630,True,False,False,False
CHALLENGER,m8hY7KABVr5Rvh7irRl5SEbgvm62h__W9fHay7Rw41skq_U,Wwave,958,438,302,True,False,False,False
CHALLENGER,f9JZcryBhEgsu8FLjSXJhwxgqmyDDJfj-Uz2_m5mvgu7Kw,탑 혜지,1037,1185,1125,True,False,False,False
CHALLENGER,_TrUOazJcKiifLRtYDmnHPQv48x5uow-LcyVzo9H0Qpu_UU,Lehends,804,556,487,False,False,True,False
CHALLENGER,ixnZfuf1s9MRyAOLe_oPund0fGuxWp3fmnC9hNgEVi6O9ZA,캐 인,1007,375,352,True,False,False,False
CHALLENGER,h80h1jPRcdSwGauBXFIj_FTGXQZdnbsRD23l56gUD0_U_W8,deokdam,1030,404,324,True,False,False,False
CHALLENGER,Gc3H-irBLHzcYRft9QrHEQ949xcbSDKhkq2h343PWOeBbeM,남탓제발그만해,861,240,172,False,False,False,False
CHALLENGER,EYKqI5R3mkj3KKekZ0UW8NkQr5eEOAwKAuBOgVbWgSPx2Qc,T1 Cuzz,1262,526,438,True,False,False,True
CHALLENGER,rugKq8rbAvc5vEqIXZxv-UKNLaAHr3IYcoygyE8p7hEgIvU,DoRun,885,598,549,False,False,False,True
CHALLENGER,Qs5gzBJOVSPf5Uqw_pyBnAVgVSu4z_Lseh4Zll1yGUFi4Dw,볼붕이1,1008,774,653,False,False,False,True
CHALLENGER,ZOmPRLySXCseMQr6gDrcCAi3UnuMDqH3ljH9ED4f1GojTE4,NS Bull,1010,923,776,True,False,False,False
CHALLENGER,ZCPu-uCqNz0NtxbWLNipKFsVrOPGnjxTYYx0fjckEbmHNTo,BRO Delight,1087,1483,1427,True,False,False,False
CHALLENGER,_QvbN_4Gql505E8Tg3jeV_Rj3za7nTfiWmk2EbyM4TO1A6M,강주연,870,646,591,False,False,False,True
CHALLENGER,9ve0EqaAfxEwVdnh7eEKMpC-1zOYYtHBZd5kmhOkiTllET4,epoh on ,1024,1283,1240,True,False,False,True
CHALLENGER,PQKNQRf8zI1PV-5yVdwDKB5O7ILDZaIixQ9z_R9JrBORfeBt,xiaoyushizhu,1006,334,215,False,False,False,True
CHALLENGER,nGZHO6AS3xzGrfUJlK2ia1wWMBSkwyRVo0HzQUhnR2rXEQU,HLE CaD,872,640,588,False,False,False,True
CHALLENGER,6s4Mnp4xefETiMN2K_1Fq-_G9Yf9VTVGrA7YKLqaRfa3OpA,mmqm,1007,1056,985,False,False,False,True
CHALLENGER,c-BYp5wYFwgxQQ7cn5tblpXDfzW_1lg2TCXvQdI-_IwNtg,우우리99,867,502,464,False,False,False,False
CHALLENGER,xUIBEvHFMMtRIMoCG9Yz6i4cSe9OrnMhRuFC3NRm5_xEcmw,KT H4rp,852,1064,1013,False,False,True,False
CHALLENGER,SssccpvaHfZv1WfvEjMmveNaS9Yb04t2ENmlU2VrJbo3qP8,김도칠,893,488,437,True,False,False,False
CHALLENGER,kArYSUVVnZIwyH5QDinOc4CoX9xcWiojqO8CRgESXybPIw,CCrazy,865,708,666,False,False,False,False
CHALLENGER,_cbbYRp6eTCagguYAhQIx2VylTaik0GWEB6YpOJMjU-QmP8,Arrowlol,913,476,350,False,False,False,False
CHALLENGER,BcJ6pEdXHJL0FmT-4vyhcpDeFN7INO7CLmtW_hqlMqyc3Qg,쿠쟈니,912,226,166,False,False,False,True
CHALLENGER,HkVYCenOnlNm5SZ9EAEV6OtFkMC0msh5aFTMJal0OF_E4dM,나는야김준철,1267,582,509,True,False,False,True
CHALLENGER,7AghRN7LsOrAhsl4KsE289HIjtebl1hOXZq_L8Ajd3gO3N8,돌이킬 수 있는,893,1349,1306,False,False,False,False
CHALLENGER,eicCdCP3rGtzjC_UkCUd2AFIfjsNqUqGhBy8YPYl1WXUn8o,T1 Fisher,1288,698,542,True,False,False,False
CHALLENGER,N1iuEJ7aWBUCAHBdFVlMLX1gjqMQ-clnOndN6CTP_Xf_Lts,마이티베어,865,799,724,False,False,False,True
CHALLENGER,CdwwoJ0gtWqoc5GroIhWy8IA987mMMW0GUGCB_TPiri4a8I,kzxuiuy,864,440,367,False,False,False,False
CHALLENGER,6VJMG81lCCHqMkOl4ZzanTjaHtr35KFy4fhuEp-qzkuVN3w,BRO UmTi,870,382,320,False,False,False,False
CHALLENGER,bU0l9QRvxYqmgHgF7LkVJ8yppxAo6DRVGC3AoQ8hYvdzDJc,jkjkjkjkk,1071,1188,1132,True,False,False,False
CHALLENGER,0EK2_xnfVNCzZwl_DML5rogw__gb8wf-rd0T7WeUpb4stqY,i no hope,1168,874,818,False,False,False,False
CHALLENGER,m51Ohb-WHyFJWSo5YAs-w50Ke0REBVpaxI7HPCpqUBtvKEI,다없수질,1107,583,505,True,False,False,False
CHALLENGER,bnDQO--wFyY6KC0gZD3rrrGAJdMLyquD-nI4oeNhlnNV8Uw,호잇이,945,1249,1166,False,False,True,False
CHALLENGER,vyOxZgYCqDs4kTjRHjHUIt6doYw4oocmq-PpqKTLLfwoSxk,매일배고프다,1105,559,497,False,False,False,False
CHALLENGER,4XDshvsy4A0_Up2sykci6Nd8_XD3pUdyEZZEMM2YYR0XldI,Chovy zz6,854,188,121,False,False,True,False
CHALLENGER,lLJ7eM12qepMkLTVts_8rR5nZW2Uv3mdgDGl4wVXNXqNVK4,KT Castle,864,1235,1179,False,False,True,False
CHALLENGER,9Cb0HLQTkOsptmPfnVmPq6yGaBRX8gkAiS5HBsFa19RHKEo,Awe Smash,1014,344,283,False,False,False,True
CHALLENGER,R2tBkxAAChqRlVx9rbQ6B34sbOi4V4A0TNCWP4jCM7xTwQ,sheidodabuguo,1040,747,687,False,False,False,False
CHALLENGER,P7l9JIgiy1BgNhnHLiiY0V5Q2ZcsBAlG_q2U7-m73hghjwM,Aprox,1244,370,288,False,False,False,True
CHALLENGER,izVd0BWGD4VTzrfMw8ggeK0k0PFBaes-7yT-Zpb61v8JDS4,knightzz,881,736,622,True,False,False,False
CHALLENGER,hhwMT4fwuuRuJYbR8_4onruJkwkLl0iE29yu1uvJMgTwKH8,Strange2,1009,992,864,True,False,False,False
CHALLENGER,cHnDkJWkG3jk8-aMU4xXHco97QtlIlR9_MsYYKg36c8B8Ok,KT Rebel,1079,468,399,True,False,False,False
CHALLENGER,vHNkGTs2Z4c3l3IBVRat7Ml_8u1zfExmPjjTkP7awMK9WA,Naehyun,889,815,789,True,False,False,False
CHALLENGER,1XVAYKSBTWHD49v9SuaGySfG7M5JB75apeLFC2R0aAI0TRc,Juhana,1108,1715,1628,True,False,False,False
CHALLENGER,bQUbnmSm15JWZnvYoh7oWtMUC-MIOr9mgUX6-k6exnA8rjc,Atlantean,888,333,275,False,False,True,False
CHALLENGER,01XOT9LQxRDcTUnp2a-zeR7UzbYUN2pMiOZTlCZQNZdAt-E,댕청잇,1484,663,562,False,False,False,True
CHALLENGER,rnExKk2wvSQuDq88mUvtJi1WXO_HkjHO0nfvMd9PxY6OEow,UijU,1209,704,638,True,False,False,True
CHALLENGER,GuzJByfufXrewGo4V0scfSXxW48s2oByP1Rx0bO25gUUsto,JUGKlNG,1237,345,256,True,False,False,False
CHALLENGER,0W4RJD_gS8NOvSgViohYJZe1NRVg2bYH9ocVJ8PQVNfGmo8,유리Yur1,1007,605,538,False,False,False,True
CHALLENGER,RziX_dl-lXDg9asaNgMaz5Dh3Z78LtUzcLMKShG6HKumMTk,ping siba,927,637,580,False,False,False,False
CHALLENGER,8kXbX-5y3ynFZ_yj3B4KHr2qOwvunq_7E-Yy1uxq3g3gq-k,울부짖는마오카이,1059,1356,1281,False,False,False,True
CHALLENGER,PdFgcKL5x8qBLglL1Y8HXTOfBm7ILLPEWS8xF0qfRihKBU8,Liiv OnFleek,1206,943,882,True,False,False,False
CHALLENGER,TyS5ytfbdxP7PXirFWQKGccFdcvmYsk-cRgeJkxQ4u65eso,나는 준일하다,1236,430,358,True,False,False,False
CHALLENGER,5HomcBE-SAoE1Z5idDgNuriY9YCln1yQOZIY4sqQz7wEbvI,sofm2,881,1620,1506,True,False,False,False
CHALLENGER,QRc4Y2Yn1SBQS-B9DeCSsHuRyHRI1_yzyCg1xnJjl-M4E_4,Mango Fish,1242,638,506,True,False,False,False
CHALLENGER,XBsXrLztmaSVeO73UvzhxEv7mx9BVFaWp4vMRsIpzU6uxh0,HLE Deft1,923,860,792,False,False,False,False
CHALLENGER,ANoEabZM43kCKaXb9aMCsIiEXS6CL_8_RvdA_KUm-HemBKsRWqV3LZztjg,C9 BLAB3R,876,166,118,False,False,False,False
CHALLENGER,QNB09vaKvFF3ef5ZrumKuaxtgMLYWKrN3bgLHHffwQliICU,no top,929,1106,1061,True,False,False,True
CHALLENGER,6617yMg24pu5d3-CPQR2F1zi33H4iBpf_hXKVMvmST9wx-c,T1 Mirzz,1075,965,890,True,False,False,False
CHALLENGER,cJt5wSdDSEyNj-M2JUzd17AFYmmGfeua8XEHyn5IXhnJ1l8,Re0start,881,925,851,False,False,False,False
CHALLENGER,x2WN6iFKMqb4tVlIEjqJkLmfsuWvn0HF30w7ra3CDIVlOuQ,안녕 맬,1331,832,748,False,False,False,False
CHALLENGER,9mUE2M-Ota2XhyaPpOv8LJiooKIBG5jBwy4qg5YTL9m5N1g,순 의,873,176,74,False,False,False,True
CHALLENGER,HmTfO78wS_Ii_2eTBcrRDvbJtsq-dWSL1gqEZtinImcMmGU,테 디 스 틱,873,203,150,False,False,False,True
CHALLENGER,PdMevv4lSsGdOJcSvtwkBFal5Aqj_BKhPBGqrgL2MhpuG0s,stableman1,1001,721,645,True,False,False,False
CHALLENGER,Z4HwoqDmkvmcv_QJJXDEgS3pdmMPj1foAwIl4B1SX3Vk3u8,PxPx,868,406,342,True,False,False,False
CHALLENGER,ITETcWVYHNJU7oQ4PdQ_IJVNdipSn5Jlz8GtbZxDyTmreIE,elole,1159,572,420,False,False,False,False
CHALLENGER,QDAP03yUOeWb6buoLt5NK1mSn5g3D3rWnwuDdFtasBd5tU0,정훈이의 모험,853,543,498,False,False,True,False
CHALLENGER,t_IkNBbaB7eJjemrieFw4Ik6zekwZm9gv4IwKuchfG0tolw,Gen G Rascal,879,545,506,False,False,False,False
CHALLENGER,1Qk-lx2Uop-ActhiGCfiThXWrDkk_NzwFNxw2YGw6DKj8Pw,9 밍,885,340,301,False,False,False,True
CHALLENGER,_sGeX2Oq6mCwQrh-nczwW0fZ9Dc5YVEgPNW2ImYvcOy85A,Interlude 2020,870,214,103,False,False,False,True
CHALLENGER,4mrdADiNTrK8SvGA_y2iOC2TApTnn7Om5D6h_sYIZHkkyGg,sdxsdx156,913,1105,1058,True,False,False,False
CHALLENGER,87PtR40y6d_-q6h0b7-1zT8dJSsDyljCCsHz0_dXfexLE3I,zzzusss,1261,306,224,True,False,False,False
CHALLENGER,3owPsKQarWYWFdaJM70JZg7NI3oA8A6iEVhesaUC51FRG94,난 마,910,542,487,False,False,False,False
CHALLENGER,dOwfqZvFBpx_FscZ-Sj99zOSpCSZHBfKD3lJoJ3-HdXd9UQ,Demon,872,218,151,False,False,False,False
CHALLENGER,eXMeBjaxdfZy1mkIHLsva_hC4t6H8eTUSauZKz1jm48pc5Q,로켓슝슝,851,300,241,False,False,False,False
CHALLENGER,WkgRB6CCLl4mGM7fgdkmnWWyr8to-0vnUOf5TKVZFHPXjQM,V5zhao107736014,1272,496,355,True,False,False,False
CHALLENGER,32zN-tUwNaxm6WfEtQ77YMnMeh4tBJ4AF-gI6gfdX1XDyKI,Pz ZZang,1193,261,201,True,False,False,False
CHALLENGER,JHq59fiF7ZCBtdNsWUSK-PkqAmPP5DdLrCdjwIydeVztYC0,콩식이,863,213,149,False,False,False,False
CHALLENGER,hoUGMSqIEd6nzUK5xNQEcO-olXkNsK-_IzY_8K5U8LlRhwM,KT Ucal,936,645,544,True,False,False,False
CHALLENGER,6RQWPg3p5m9m_tCmcmBJsX9fIuKmKD45P-Ab34JkXayG-9o,clear77,945,1166,1113,False,False,False,False
CHALLENGER,b5d_T3T2jePoLA2TomYVXwjL6ZWiboOCdPsQtps2AmrfKg,금현성2,1014,555,483,False,False,False,False
CHALLENGER,cYZeujXZqQooB8vWoQI3ACGURYr-pHj3NQq-yqP5A5CYGfY,See u AG,1001,327,261,True,False,False,False
CHALLENGER,GDSfwbUcWCaD84XToJLAHdb_4hp4RF4JKC9wJ8VeqC7Vx64,Pnpm,1281,282,212,True,False,False,False
CHALLENGER,Pxgd9S4R4QVOal7nEsoFuGpJtYr09JvHZ1Yt_PPbt-TcDfs,ashead open,1289,1225,1128,True,False,False,False
CHALLENGER,8CEjxmr-RnyR1LWBrjOqjiGSk-NupHeYmIZ8hy31h5Wo8Lk,게임이안잡혀,933,694,618,False,False,False,False
CHALLENGER,oZQ-rO3tJ61byGB34l-iJO_TzSGOZszjz2CdDM9wF3VMtCc,LOL전문 퍼플팀,887,399,273,True,False,False,False
CHALLENGER,sNRewp7VO5qNvDh6lIjG0iSUFf8-RbFJ6ztbKv-0-_qBT_I,혼자 온 세상,1030,609,541,True,False,False,False
CHALLENGER,vR11Y42kxzrjmfZaY9tTt0aCGMt6ejwCpypzVUbQ-WVMLw,오늘점심은딱콩,904,170,97,False,False,False,True
CHALLENGER,xnQySwxtz-xZvgDEuGfFovg4rEnJ51BAgkaWKs10wtaQaRM,Gen G Envy,927,497,434,True,False,False,False
CHALLENGER,2C2v54_376uIUeo7lt2yRYkXhyQbeRDW41cXmvhLRPgDBmI,CK 미아,1132,598,533,True,False,False,False
CHALLENGER,7nrcYiySoHGCLPwpxt-Ei7X8VIsZ1urRS27i4ssdaoeqBK4,군밤군밤,874,150,92,False,False,False,True
CHALLENGER,j-n3FROLqDZwnyGIS2NtgyB9jNwo7NlxlGWLU6cVLWulCA,마스터가성비원딜,883,594,567,False,False,False,False
CHALLENGER,bpfhbVipwNqYfiRpLQNyTWKzBueWAAS728jkkffs6AR596g,Fanch,1065,757,711,True,False,False,False
CHALLENGER,d8Ekf6FydMyAi7Xr_IBwAibXu5PdFMfB9twG5mRoX0KO-4E,Starry0v0,929,1075,969,False,False,False,False
CHALLENGER,9BmtVls_PllFb1qglPRLlEiX_fLBi_UDRC1GLD2Lw1katxc,T1 Berserker,1169,1015,985,True,False,False,True
CHALLENGER,BoJgiQLYsj_FALRx-1u_ulSnol6HZSm-7wCTGMIaVmOE0g,수기 김,934,290,229,False,False,False,False
CHALLENGER,pfZMI3IMFz38RciG_UI3XZbhWcJ2UPMfXi2K7XgPoy4LPTJ0,빵통조림1,1007,423,351,True,False,False,False
CHALLENGER,IGCdsQ1awxn8fl53C3YBagNgcU9sssRysVgBP5-kMWcIJaU,SSUNSSUN,859,311,260,False,False,True,False
CHALLENGER,8A3kgL2xuIHNQeyF0fmCXp-HsMA7gV0VLIQcHNj0Xy473MQ,L1sure,864,365,314,False,False,False,True
CHALLENGER,gUSZMNWQPr3sdX1IPXemEHt1M2HUhHnigxSbrUi0HyfMylY,Liiv Summit,1010,379,302,False,False,False,True
CHALLENGER,HUEaq_REdGEZjc13KU3ukKsDn6YvFpOTDimYe9qC2S7w9f4,나스물문현준,1016,1385,1216,True,False,False,False
CHALLENGER,xp6T2v7Y5OUFCH3eBK2wa406JvWovphSxDPNteNycaaoUTg,PowerOfMagic,979,721,650,False,False,True,False
CHALLENGER,iiU_Mc3KzENNjVdnrbFBv9gjyF85M65ndFDYqp9vM8_GIg,마지막1년,871,631,579,False,False,False,False
CHALLENGER,2zvAgYpCLyaFeTrp2ZeM5jq3ERxmKsOBBLU6ekI-7Uc38bY,오리지널찰떡쿠키,941,229,173,False,False,False,False
CHALLENGER,kbsNrxIG6l2DBimFP-KUtDkxNKGqcWkfqBUXRVYj9qItGA,싸커킥 권위자,866,379,315,False,False,False,False
CHALLENGER,vKfYkkJUc3ZTHPyAU6Fe93pS_2rXbkRJ6gK9Ibf6qU7RdQ4,이 차가 식기전에,951,1113,1041,True,False,False,True
CHALLENGER,8tg0QYPtP1CDT0hOMbKrPTNs3CSqWwIycvPkKsQobq1UxOs,Liiv Pump,880,691,650,False,False,False,False
CHALLENGER,WfMQ3Zhv_avE8iS8OBVx6HUQmg6YiFHxVTwCWT9RAE3-Fgc,xiaocaobao9,984,526,475,False,False,False,False
CHALLENGER,dh0dFdnoYwPBhmNSxAesjG-EuJD8jdVUXcOHKDjw4h8YqrE,ad20,901,337,284,False,False,False,True
CHALLENGER,ahoV3EStb1UtFPrE6wYUwPCPSbzP5AymhQvbqIVzAgi4ANI,No Patience,908,742,685,False,False,True,True
CHALLENGER,ffSuZSxLqTTX8-nOiSpibHiZ6yggoioHi-1wCF8neytXpBs,빌었어intro 0 42,1012,377,302,True,False,False,False
CHALLENGER,8T7T0Vzlf0XEh7nTOqr1Cu_66COifqKFiKL9iC_ifqDUob0,Sangchu,871,312,281,False,False,False,False
CHALLENGER,EiUHRUEg_2gVaDtYwR4rya4A280aBorYjzZe9ZAdEOtNclM,에르피디,1077,661,561,False,False,False,False
CHALLENGER,QUrwhXtspPljqfsR-ymHXRYIv-rDvHvsldcD89bN1qPNHhk,Remika,1079,670,605,False,False,False,True
CHALLENGER,4HL81JnvY7ZD3D3R-IoI77O7RDIu4EQkTdRwkiR7oM9T_yI,wuyule,819,924,855,False,False,False,False
CHALLENGER,x4n8DhOhKcjL4LSneZHQIUkXjicu0qiHZCnV2GgNuMj81lo,Liiv 스눈이,1134,387,329,False,False,False,False
CHALLENGER,NeDEbRDJx7-NEjWqgNcJq5yzRPpBkuzOCfLm_zkDDag2Vkg,jiozz,918,787,711,False,False,False,True
CHALLENGER,qVC68cwxozC6xXO7NFy8vuAY0X9rYosawbPuttmInQSJAmw,Starryovo,921,881,804,True,False,False,False
CHALLENGER,HS7Mf8Q-xgebOIQewFvtiW8D064OBouflax5LtUSQHHrT94,HLE Morgan1,883,526,473,True,False,False,False
CHALLENGER,IcUcz1TuywOUOHcx3aOBDUXIWwMROKd6Sb2H_zze3JPRVxA,supsupsupspspsp,778,867,716,False,False,True,False
CHALLENGER,rp7ybUbLoKCpt1k8eknbQyqkQUWuu_V33WGDcdFUBax5Lfo,xlzyx,1386,1236,1124,True,False,False,False
CHALLENGER,Z42BW5NFfrx1q9eQCn_tqmow1KSxx-va0wcJZa5y7gHUbqc,photic12345,952,785,737,True,False,False,False
CHALLENGER,YH6zcBKSrRpEmSM7UxMxQ9Pq8YTFQjUXLkLLJzCuWHnefK0,KT Zzus,1203,452,376,True,False,False,True
CHALLENGER,tsg1Aw32CKCpUnXKLEF4RgXft0QvSprxrkRAIdoBNT0Nryw,YSYZ,913,963,882,False,False,False,False
CHALLENGER,HXC3vCpZTw8bawajFnhpfwtjWOhfA3aFFqtB8YXXBkU1RXY,clearlove9fans,1211,425,287,True,False,False,False
CHALLENGER,1uMzkLW2JCxNMCGdwkJVNf1NbLz73wluqY8EKA6I30EHKOE,Gen G Khael,1421,871,734,True,False,False,False
CHALLENGER,KMULyPmUp8oflOfG4DL1R0Aowe6iNlgqY1nzneQ2HAWJFB8,mogubaby,880,181,116,False,False,False,False
CHALLENGER,7UK0SHH5i7COfk-51cc8ixn4MatTzLAynNhRBPTzIk67alg,우 제,1343,486,384,True,False,False,False
CHALLENGER,uFQ4125PE8K6t4oADFL-m_NgadBQOAHspl8U5muUkJTdKwY,yinyi zai ma ren,886,429,295,False,False,False,False
CHALLENGER,Ixm2W8QrKkXE22zv9e3GFsKi-6TFhLNEVw2RN3atpGjIDKI,ecnahC,957,830,766,False,False,True,False
CHALLENGER,lbGrRwtmURpgIX35dIferGSS1A3kIUlpSt4GI3GfS2dKVg,BJ갈배,860,1506,1454,False,False,True,False
CHALLENGER,vn4Bd80rN-s7hzpItlak4ec-NfoAlGKAdxx0GiiMHHfN4Ak,FPXzhaoAP4506303,1375,498,341,True,False,False,False
CHALLENGER,4J7xKnIiIi9gFwoAA3MRfKsRLg7CMVrwe0Lf2sDBEIzQw_0,크세로,878,518,467,False,False,False,True
CHALLENGER,aLjwIh4Gk8HNLTdL8V7aCAxh8fmvfrepmiJZb1etSwXF9H8,FA 레이닝,1012,552,475,True,False,False,False
CHALLENGER,oIg6XnuXiczTiDDAgwdDNaIxDxM88Pixb7a_yTiDmESNBj8,BRO Hoya,1380,398,299,False,False,False,False
CHALLENGER,-xSjPncDeoffu5LKC7_MrmaLR3mg5rLPmCXbIhcTESaOk1g,FA GGul,972,493,421,False,False,False,False
CHALLENGER,8azkcb4Tyuil5aiCoNTVINyqGyRJULYy6vvOno6eYlGmwZU,못 난 놈 들1,941,1604,1555,False,False,False,True
CHALLENGER,HqJhKCj0zoVvQcGu1PMhro64S15f0nK43ltf9fuL65qXcJza,wehui,887,329,217,False,False,False,False
CHALLENGER,9udsLUiRYQywUcFJK2llRK71Bo5GUqhH67FHVUMyJE5Df4M,DRX BAO,992,383,325,False,False,False,False
CHALLENGER,INTajKARC2HGoacOKPsoHZyIY2VJfb1KNL48N-OAJm2YcvY,Destiny,952,233,231,True,False,False,True
CHALLENGER,bLkGDGwJhr8bFATk1C6Xm4vZ1vEXeBdr2lxUJVxiyYeCb8oY,도넛먹고싶다i,873,594,484,False,False,False,False
CHALLENGER,tS9L5SyMrEvIxtRSmFDKjc-iCG3976cPZGVTK6ZoBic88w,HLE Key1,848,307,248,False,False,True,False
CHALLENGER,___UUIuO7uSx43PcjCfgitMni9Q1_IfxYTF4fUOG2qvzsqA,daydayup,909,702,623,False,False,False,False
CHALLENGER,Qy0y9SRqkkl6U2kI9iakYMHznaIt66LS07ymAJfh6aaBNDA,피즈 조이,975,379,320,False,False,False,False
CHALLENGER,LGoqkhYnb3VchnyuACtMD3z8KopJARR5-QJ5EwE7jRbU0TA,HSHTM,994,835,756,False,False,False,False
